{
	"license_key" : "",
	"username" : "rijalmuhammad.w",
	"password" : "Rizal@21",
	"proxy" : "3",
	"speed_value" : "0",
	"targets" : "jokowi, awreceh.id, jakarta.keras, _kata2mutiara",
	"fresh_stories_range" : 18,
	"is_poll_vote_active" : true,
	"is_slider_points_active" : true,
	"is_questions_answers_active" : true,
	"is_quiz_answers_active" : true,
	"is_mass_story_vivew_active": false,
	"questions_answers" : [
		"Bantu promote ka",
		"Mutualan kak?",
		"Saling Follow Yuk"
	],
	"slider_points_range" : [
		75,
		100
	]



}